회사,
삼성물산,
현대건설,
대우건설,
현대엔지니어링,
지에스건설,
디엘이앤씨,
포스코이앤씨,
롯데건설,
에스케이에코플랜트,
호반건설,
에이치디씨현대산업개발,
한화,
디엘건설,
대방건설,
중흥토건,
태영건설,
제일건설,
계룡건설산업,
코오롱글로벌,
서희건설,
금호건설,
동부건설,
아이에스동서,
케이씨씨건설,
우미건설,
반도건설,
한신공영,
쌍용건설,
호반산업,
에이치엘디앤아이한라,
동원개발,
신세계건설,
삼성엔지니어링,
에스지씨이테크건설,
두산건설,
동양건설산업,
에이치제이중공업,
한양,
금강주택,
라인건설,
효성중공업,
두산에너빌리티,
화성산업,
라인산업,
대광건영,
양우건설,
진흥기업,
서한,
금성백조주택,
중흥건설,
씨제이대한통운,
대보건설,
엘티삼보,
시티건설,
자이씨앤에이,
보광종합건설,
우미개발,
케이알산업,
성도이엔지,
신동아건설,
동문건설,
남광토건,
디에스종합건설,
자이에스앤디,
대원,
동원건설산업,
태왕이앤씨,
극동건설,
일성건설,
금성백조건설,
에이스건설,
요진건설산업,
우방,
일신건영,
대우산업개발,
경동건설,
삼부토건,
대상건설,
파인건설,
이수건설,
동양,
경남기업,
대방산업개발,
계성건설,
서해종합건설,
혜림건설,
강산건설,
유승종합건설,
우남건설,
한양산업개발,
모아종합건설,
원건설,
부영주택,
삼정기업,
흥화,
금광기업,
보미건설,
풍림산업,
한국건설,
남화토건,
대명건설,
선경이엔씨,
광신종합건설,
삼환기업,
새천년종합건설,
영무토건,
대저건설,
한양건설,
한성건설,
한일건설,
대창기업,
화성개발,
유탑건설,
이화공영,
중앙건설,
신태양건설,
동일스위트,
대림,
웰크론한텍,
에스엠상선,
신성건설,
선원건설,
영진종합건설,
일군토건,
동아지질,
동광건설,
남양건설,
현대아산,
양우종합건설,
도원이엔씨,
삼도주택,
한양이엔지,
대한종건,
이랜드건설,
이안알앤씨,
신일,
디에이건설,
안강건설,
일진건설산업,
활림건설,
한림건설,
유림이엔씨,
대흥건설,
까뮤이앤씨,
동아건설산업,
보성산업,
일광이앤씨,
미래도이엔씨,
삼정건설,
지에이건설,
위본건설,
삼미건설,
라온건설,
삼정이앤시,
우방산업,
신원종합개발,
태룡건설,
시티종합건설,
삼일기업공사,
우주종합건설,
에스케이에코엔지니어링,
더본종합건설,
흥우건설,
인터컨스텍,
대아건설,
농협네트웍스,
해유건설,
삼일건설,
다우건설,
시티,
범양건영,
계담종합건설,
녹십자이엠,
우성건영,
산이건설,
영동건설,
신영씨앤디,
창성건설,
부강종합건설,
풍산건설,
부명엔지니어링,
대성문,
건영,
포스코에이앤씨건축사사무소,
금강종합건설,
성보건설산업,
문장건설,
벽산엔지니어링,
제일건설,
신한종합건설,
에스지건설,
대라수건설,
한동건설,
태평양개발,
동인종합건설,
더와이,
동성건설,
삼구건설,
우암건설,
삼영기업,
강남건영,
대원건설,
티시스,
군장종합건설,
에스지신성건설,
토우건설,
리채,
삼표피앤씨,
동신건설,
동도건설,
협성종합건업,
중앙건설,
고덕종합건설,
모아건설산업,
인종합건설,
은성산업,
효성,
더블유건설,
동일토건,
미래도건설,
와이엠건영,
협성건설,
홍성건설,
오렌지이앤씨,
티케이케미칼,
신화종합건설,
남도건설,
두진건설,
삼보종합건설,
동부토건,
태원건설산업,
크로스건설,
대성베르힐건설,
트래콘건설,
환경시설관리,
피엔지건설,
중해건설,
한일개발,
한국가스기술공사,
우일,
삼호개발,
동국에스엔씨,
송학건설,
현대리바트,
은일종합건설,
백상건설,
한솔제지,
이에스아이,
대양종합건설,
우경건설,
남해종합개발,
율림건설,
서영건설플러스,
서진건설,
케이비아이건설,
테크로스워터앤에너지,
장학건설,
유호산업개발,
삼정,
운강건설,
지평건설,
태한건설,
샘코건설,
동남종합건설,
남해종합건설,
신화건설,
태조건설,
동화건설,
에스원건설,
아이엠지건설,
지평토건,
한국종합기술,
오렌지엔지니어링,
해동건설,
정인건설,
한창종합건설,
남광건설,
지원건설,
성전건설,
관보토건,
경우크린텍,
키움건설,
우미토건,
재성종합건설,
남명건설,
하우텍씨엔알건설,
삼양건설산업,
구국토건,
보훈종합건설,
성지건설,
희상건설,
고운시티아이,
한백종합건설,
정우개발,
에쓰와이이앤씨,
예서건설,
중앙종합건설,
탑인프라,
대명이십일,
브이산업,
은산이앤씨,
풍창건설,
금도건설,
대우에스티,
삼현비앤이,
케이에스씨건설,
남흥건설,
세움종합건설,
우람종합건설,
한미글로벌건축사사무소,
신흥건설,
두손건설,
디앤시건설,
대성건설,
지오종합건설,
보광건설,
현진에버빌,
현해건설,
에이치원건설,
광득건설,
구일종합건설,
유탑엔지니어링,
동우건설,
경우종합건설,
반도종합건설,
큐브종합건설,
삼전건설,
상명건설,
디에스건설,
씨앤씨종합건설,
신화종합건설,
대건,
건우,
코렘시스,
한라산업개발,
에스케이임업,
성강종합건설,
구산건설,
우평건설,
삼한종합건설,
인본건설,
신동아종합건설,
태인종합건설,
익수종합건설,
수성,
일진종합건설,
삼정건설산업,
광양종합건설,
아벤종합건설,
흥한주택종합건설,
초성종합건설,
사닥다리종합건설,
신세계토건,
덕진토건,
범일건설,
기해건설,
한반도건설,
경동이앤에스,
영동,
제이에스타워,
미래도시건설,
동일건설,
동화이앤씨,
대화건설,
경일건설,
동호건설,
진남토건,
중일건설,
상합이엔씨,
에이치에스건설,
케이디종합건설,
홍진건설,
대양산업건설,
우호건설,
디어스이앤씨,
은성건설,
인덕건설,
우진건설,
서림종합건설,
래미안건설,
동일건설,
청도건설,
플러스건설,
한국개발,
와이엠종합건설,
기린종합건설,
진산건설,
태산종합건설,
세영종합건설,
홍문종합건설,
덕흥건설,
구산토건,
일동,
온라이프건설,
대진종합건설,
지산종합건설,
국기건설,
원광건설,
대건산업건설,
신안건설산업,
대흥토건,
풍림건설,
청광건설,
유승건설,
제이아이건설,
한울건설,
가산토건,
안도종합건설,
창비건설,
벨이앤씨,
라온산업개발,
개성건설,
거성종합건설건축사사무소,
대아건설,
에스엠하이플러스,
에스티엑스건설,
선우종합건설,
성암토건,
코원건설,
태성건설,
동화주택,
상리건설,
에스케이하이이엔지,
영신,
승원종합건설,
부원종합건설,
신원건설,
원탑종합건설,
신안,
제효,
일주종합건설,
한국기술개발,
유성건설,
우미산업개발,
지오종합건설,
서우건영,
정문건설,
세기건설,
삼광건설,
동신,
경동,
우림토건,
일신건설,
건해건설,
금강산업,
삼우아이엠씨,
가산건설,
동서,
삼우종합건설,
동일,
화성종합건설,
조은아이건설,
신라종합건설,
성호건설,
덕일,
대창건설,
관악개발,
네이처이앤티,
씨에이건설그룹,
대송,
대상건설,
다인종합건설,
세아에스티엑스엔테크,
삼우건설,
대도엔지니어링,
청인건설,
국원건설,
대성산업개발,
한토건설,
창성종합건설,
정도토건,
대광로제비앙,
신성종합건설,
중앙건설,
동양종합건설,
대도종합건설,
대맥건설,
엠와이건설,
거송종합건설,
삼양건설,
진응종합건설,
양지건설,
서진산업,
명남종합건설,
국제미소래,
신보,
국토건설,
서진산업,
대호산업,
도현종합건설,
장원토건,
신진종합건설,
이평종합건설,
에스비건설,
발해,
삼흥종합건설,
대웅건설,
대창건설,
흥진건설,
아주건설,
동진건설,
신해공영,
우일건설,
인본산업,
삼건사,
성안건설,
명가종합건설,
환경에너지솔루션,
삼부종합건설,
우성종합건설,
엘림종합건설,
덕포건설,
보민종합건설,
정상종합건설,
효림종합건설,
선진건설,
중우건설,
남국종합건설,
세움건설,
한국종합건설,
우호건설,
국제건설,
엘에스건설,
상현종합건설,
삼우건설,
리즈건설,
성우종합건설,
황토종합건설,
원전종합건설,
인성종합건설,
신명종합건설,
형진건설,
한화호텔앤드리조트,
더파크건설,
성림종합건설,
에스앤아이코퍼레이션,
한주토건,
대명종합건설,
대신종합건설,
태령종합건설,
죽암건설,
중해마루힐,
용원건설,
신양건설,
남영건설,
현창건설,
서림종합건설,
학림건설,
디비메탈,
한솔종합건설,
대영에코건설,
성지건설개발,
로제비앙건설,
광천종합건설,
서용건설,
영진종합건설,
그리마건설,
다스코,
배경산업개발,
지평건설,
왕우건설,
백산건설,
엔에스종합건설,
미동이엔씨,
예진이엔씨,
한라공영,
신우건설산업,
금성건설,
신동양건설,
디와이피엔에프,
태화건설산업,
북일종합건설,
명신종합건설,
진보종합건설,
영도종합건설,
경화건설,
이엔건설,
금강건설,
보령종합건설,
다움종합건설,
신영종합건설,
우림종합건설,
서한기술공사,
금양그린파워,
주성종합건설,
리드종합건설,
금상건설,
구보종합건설,
세운건설,
에스아이건설,
영진건설,
케이디종합건설,
신호건설산업,
토광건설,
거성토건,
대양,
경도,
성화종합건설,
미르종합건설,
대한,
삼진씨앤씨,
유백건설,
세웅종합건설,
고려캐슬건설,
부강건설,
대창건설,
태성공영,
씨지주택,
동경건설,
하남종합건설,
큰빛종합건설,
씨타대헌건설,
홍익산업개발,
용진,
청솔종합건설,
대보실업,
원하건설,
대경건설,
영록건설,
북부종합건설,
선민건설,
동광종합토건,
동우건설산업,
제일종합건설,
보구건설,
원광건설,
일산종합건설,
운진건설,
상도종합건설,
인광이앤씨,
화남건설,
성우이앤씨,
광혁건설,
한창이엔씨,
웅진개발,
나노종합건설,
제이디건설,
유성건설,
우리들종합건설,
영보건설,
대혁건설,
대경건설,
일동토건,
구산종합건설,
삼지건설,
현대무벡스,
미조건설,
에쓰씨엔지니어링,
두한종합건설,
개성토건,
준서예건,
지구건설,
명현건설,
에이에프이엔씨,
세환건설,
신진종합토건,
지표건설,
대정엣대정,
도담이앤씨,
고운건설,
태림종합건설,
홍용종합건설,
우석종합건설,
쎈종합건설,
대한토건,
합동건설,
케이건설,
후지타,
주함건설,
다경종합건설,
송산종합건설,
마노건설,
영주종합건설,
조원건설,
동진종합건설,
태동건설,
대원종합건설,
석미건설,
지아이,
동원건설,
제이씨엔,
디에이치디건설,
한덕철광산업,
서원건설,
만송종합건설,
대륙종합건설,
대유산업,
승빈종합건설,
태인건설산업,
시아플랜,
금강건설,
우평,
일화종합건설,
더본건설,
혜움건설,
소리종합건설,
동서개발,
서강종합건설,
태현건설,
일우건설,
협성,
다인산업개발,
대국종합건설,
동성산업,
다대종합건설,
장호종합건설,
미진종합건설,
호용종합건설,
동성중공업,
디케이,
한동건설,
진산종합건설,
공영토건,
소사벌종합건설,
대들보,
가야건설,
성종건설,
에스씨종합건설,
엠지엘건설,
토담건설,
덕재건설,
더블유아이건설,
동현건설,
삼아건설,
서현건설,
한울건설,
수자원기술,
만덕건설,
신방건설,
한양종합건설,
성보종합건설,
대성건설,
영무건영,
중아건설,
성무건설,
케이에스종합건설,
일신종합건설,
이도,
신삼호,
경상종합건설,
제이제이건설,
유진종합건설,
유신종합건설,
영원종합건설,
태완건설,
신우종합건설,
태흥개발,
대명에너지,
에코비트,
지오콘,
건림원,
대득건설,
덕유엔지니어링,
엠에이치건설,
남진건설,
동성건설,
숭실종합건설,
태화건설,
오경종합건설,
삼정건설,
롯데테크,
신화토건,
영화산업개발,
케이에이치건설,
정안건설,
신우건설,
영동종합이엔시,
신평건설,
부경산업개발,
가나종합건설,
거성종합건설,
동남건설,
지산종합건설,
이준종합건설,
한동산업,
우영종합건설,
태평로건설,
대명지이씨,
지인종합건설,
태정종합건설,
정보종합건설,
길림개발,
프라임건설,
세창건설,
혁성공영,
삼양사,
남곡건설,
남광건설,
일성건설,
송정종합건설,
세종건설산업,
라온토건,
태성종합건설,
중부토건,
서대종합건설,
디케이산업,
신신토건,
신화종합건설,
종합건설가온,
세헌건설,
종산건설,
지에스네오텍,
부광건설,
여운,
건화종합건설,
에스케이티엔에스,
범한종합건설,
에스티건설,
신웅종합건설,
경수제철건설,
대신건설산업,
건원종합개발,
엘에스빌드윈,
제이지에스건설,
명덕건설,
신성토건,
새로운종합건설,
태야건설,
명산건설,
동대건설,
상원건설,
태안건설,
흥일건설,
삼보건설,
은송,
호림건설,
영신종합건설,
선두종합건설,
월드뷰종합건설,
경향건설,
지엘건설,
동신토건,
영만종합건설,
용천종합건설,
반석건설,
대의건설,
케이디,
경안종합건설,
동인종합건설,
광성산업개발,
광흥건설,
국제건설,
건주종합건설,
가산종합건설,
한성개발,
대지건설,
덕은종합건설,
정한건설,
우경건설,
대국건설산업,
신홍선건설,
세은건설,
한원건설그룹,
남양진흥기업,
유일엔지니어링,
일진건설,
동명종합건설,
금장건설,
연주건설,
뉴금강개발,
조원종합건설,
한웅건설,
대웅건설,
흥덕건설,
플러스종합건설,
승원종합건설,
지엠씨,
금아종합건설,
삼화건설,
동우건설,
신우종합토건,
경기종합건설,
우륭건설,
대륙건설,
백송건설,
에스에이치산업개발,
성원건설,
승명종합건설,
동진건설,
영진토건,
한일건설,
에스아이엘산업,
이에스종합건설,
상록건설,
태성건설,
대일건설,
명가엔지니어링,
제이에스건설,
강산종합건설,
부성종합건설,
도담종합건설,
현아종합건설,
기원종합건설,
명헌건설,
현진토건,
효창건설,
일성엔지니어링,
우미,
상지카일룸,
행복도시건설,
케이지건설,
파크종합건설,
서강종합건설,
평화건설,
포레건설,
영신토건,
상신종합건설,
해광건설,
건웅종합건설,
아세아종합건설,
두강건설,
우리종합건설,
양광건설,
중앙건설,
동림종합건설,
삼성종합건설,
지원건설,
정명건설,
광해종합건설,
영민건설,
진양,
나성산업개발,
일창건설,
건희건설,
메트로종합건설,
케이아이건설,
협진개발,
네오서진건설,
대림토건,
해평건설,
해송종합건설,
한빛종합건설,
동언건설,
진영종합건설,
창영건설,
예진종합건설,
이진종합건설,
태윤건설,
청운건설산업,
우탑건설,
신일,
오에스개발,
하이스종합건설,
삼성산업개발,
동영종합건설,
다원종합건설,
성진종합건설,
삼호,
옥토,
신구건설,
대지종합건설,
다우종합건설,
대금종합건설,
금아건설,
장위종합건설,
장안,
미도종합건설,
대신종합건설,
부일건설,
성복건설,
장한종합건설,
대양토건,
성환건설,
리드,
청명종합건설,
신미화건설,
새론건설,
클로버종합건설,
토영종합건설,
디엠디건설,
중앙종합건설,
대림종합건설,
오승토건,
대양건설,
하정종합건설,
청림종합건설,
세주토건,
경호건설,
창성건설,
대한건설,
달성씨앤씨,
도현건설,
서윤종합건설,
수림종합개발,
매일,
혁지종합건설,
엘씨건설,
한동건설,
장인종합건설,
이다종합건설,
그리드종합건설,
지우종합건설,
동천건설,
세지건설,
만훈,
태형종합건설,
씨와이토건,
태성건업,
승우종합건설,
해성종합건설,
명지건설,
아라이앤씨,
대동건설,
익진건설,
지에스종합건설,
영신종합건설,
세원건설,
아이비건설,
엠에스씨엔이,
에이치씨건설,
범한,
코리아에이아이종합건설,
덕양건설,
삼전건설,
삼대종합건설,
경산토건,
이문건설,
에스디종합건설,
현대스틸산업,
디오이앤씨,
동우건설,
연경종합건설,
대홍에이스건업,
티에스종합건설,
충일개발,
세일종합건설,
세강종합건설,
신한건설,
대웅종합건설,
우원건설,
고황건설,
태안건설,
제아씨앤씨,
성도건설,
일호종합건설,
가화건설,
리젠시빌건설,
드림월드종합건설,
현대종합건설,
혜성종합건설,
성우건설,
은하종합건설,
청봉건설,
청백종합건설,
서영,
대정건설,
가림종합건설,
원갑산업개발,
바른종합건설,
성진종합건설,
동현종합건설,
효강종합건설,
이도건설,
삼진건설,
수호,
성현건설,
비엠산업개발,
미산,
강산산업개발,
신화건설,
다음건설,
대홍건설,
유진종합건설,
토지종합건설,
초원건설,
두성도시건설,
금록토건,
승전종합건설,
대금,
그린종합건설,
예진종합건설,
남양종합건설,
장안,
명산건설,
승보종합건설,
대도개발,
흥건,
다우건설,
베델건설,
일원종합건설,
일토종합건설,
서화종합건설,
보화종합건설,
하송종합건설,
신광종합건설,
기안토건,
대흥토건,
바림종합건설,
에스앤티건설,
부원건설,
명성종합건설,
세창건설,
부석종합건설,
중경건설,
유진공영,
수성종합건설,
신촌종합건설,
친우건설,
일신건설,
토운,
건호이엔씨,
온세건설,
동일종합건설,
남경종합건설,
트라움건설,
동광,
성안종합건설,
삼호건설,
토왕건설,
주경건설,
라마종합건설,
우일디앤씨,
무한종합건설,
삼흥,
삼부종합건설,
보성건설,
신성종합건설,
삼안종합건설,
원종합건설,
서일건설,
썸택건설,
우신건설,
조원건설,
성공토건,
조아건설,
건우,
상운종합건설,
성일건설,
통합건설,
아이에이비건설,
정일종합건설,
장원건설,
성호건설,
알디엠산업개발,
강산종합건설,
한미종합건설,
파인우드,
구룡,
금보종합건설,
혜도건설,
토림종합건설,
대웅건설,
동준건설,
대흥건설,
다혜건설,
영안건설,
마이티건설,
해광종합건설,
삼마건설,
중미건설,
성벽종합건설,
범진산업,
금용플랜트건설,
선풍종합건설,
충남토건,
상명유한회사,
조양,
에이에프씨,
대도건설,
청해종합건설,
서원건설,
동원건설,
인성건설,
삼하건설,
태백건설,
태강건설,
태동건설,
경보,
금도건설,
서광종합개발,
일우종합건설,
용덕건설,
에스에이치종합건설,
신기토건,
씨에스건설,
성호건설,
덕경종합건설,
영흥종합건설,
한성피씨건설,
신한토건,
정진종합건설,
거림종합건설,
두원건설,
대운건설,
해인건설,
광진건설,
한주종합건설,
예광건설,
석신건설,
세정토건,
가왕종합건설,
무유종합건설,
예창종합건설,
태웅종합건설,
에스앤씨산업,
비지종합건설,
동우건설,
임원개발,
풍전종합건설,
위일종합건설,
대양건설,
유일건설,
에스에치건설,
근화건설,
신평산업,
삼광토건,
대창건설,
대원건설,
재성건설,
슈프림종합건설,
대지건설,
청목건설,
덕성건설,
효성종합건설,
에스제이건설,
금강환경건설,
에이치에스,
굿모닝토건,
유림,
아이엔케이건설,
오룡종합건설,
원일토건,
삼영건설,
비에스건설,
대륙건설산업,
원영종합건설,
정우종합건설,
원일건설,
세종종합건설,
나성종합건설,
원평종합건설,
화성건설,
우창종합건설,
삼화토건,
원양종합건설,
티제이건설,
현창산업,
평광건설,
유진건설,
명승종합건설,
재경건설,
영담건설,
조영건설,
청암종합건설,
갑진종합건설,
범아건설,
리더종합건설,
마이스터건설,
태진건설산업,
해동건설,
현진건업,
대양종합건설,
백산종합건설,
디알씨충원건설,
흥남종합건설,
청담건설,
해성디엔씨,
다빈이앤씨,
서영건설,
대원건설,
서영건설,
상익건설,
신형건설,
태림환경,
일성종합건설,
신양종합건설,
한국토건,
태림종합건설,
에이블건설,
아라한건설,
신영이엔씨,
삼우,
명광산업,
동은건설,
수창종합건설,
명진토건,
이본건설,
서흥종합건설,
화신,
제이앤씨건설,
세한건설,
우광종합건설,
세움토건,
청현,
서연,
현대삼호중공업,
삼안종합건설,
서광건설,
성익,
케이와이종합건설,
두암종합건설,
세풍건설,
케이티씨건설,
대덕,
신성건설산업,
학림종합건설,
봉래건설,
도화엔지니어링,
대화이엔씨,
윤진종합건설,
한터종합건설,
삼삼종합건설,
대화종합건설,
제후건설,
성인종합건설,
예종,
현도종합건설,
지엠건설,
저스티스,
건양이엔지,
운제종합건설,
우리토건,
아산건설,
홍일,
삼중종합건설,
동화,
수영,
강산종합건설,
윤원건설,
대원종합건설,
대주종합건설,
대양토건,
거송건설,
대성문디앤지,
아이엠유건설,
대영토건,
경동종합건설,
동우건설,
기봉건설,
수성건설,
삼강종합건설,
디에이치건설,
명화토건,
성안건설,
다본건설,
대산,
율광건설,
에이치비건설,
에스테크건설,
대영종합건설,
명성건설,
선엔지니어링종합건축사사무소,
경우종합건설,
렉스건설,
남화토건,
비에스건설,
은찬종합건설,
아산종합건설,
경복산업,
티에이치건설,
효상종합건설,
거능종합건설,
고양종합건설,
성원건설,
청한,
제동종합건설,
에스엠건설,
비에이치아이건설,
보아건설,
동인종합건설,
대일종합건설,
동부건설,
창대아이엔지,
정웅종합건설,
웰리브,
해드리오건설,
한바로이앤씨,
동우토건,
유익이엔씨,
영이건설,
강호종합건설,
한양종합건설,
엔씨종합건설,
성진건설,
낙원건설,
대영,
부광종합건설,
서영종합건설,
대원종합건설,
금명종합건설,
화주종합건설,
우진종합건설,
장진건설,
한길종합건설,
홍익종합건설,
원호종합건설,
신화종합건설,
대정건설산업,
유림건설,
동방종합건설,
효산종합건설,
한진종합건설,
우신산업,
태진건설,
일진건설,
청야건설,
세진종합건설,
계원토건,
에이치엘종합건설,
에이엠건설,
해동종합건설,
삼구건설,
청하건설,
세흥건설,
세림,
현성종합건설,
백선건설,
동림종합건설,
대윤,
티엘건설,
이엔에스건설,
금종종합건설,
가양종합건설,
진우종합건설,
한솔건설,
백운건설,
명문건설,
진보건설,
대정건설,
천지건설산업,
웅진종합건설,
장흥종합건설,
대웅건설,
삼정토건,
수암종합건설,
성도종합건설,
이수종합건설,
다원건설,
세복종합건설,
성화건설,
청수토건,
반석지엔비건설,
세영종합건설,
흥리종합건설,
광성건설,
경성건설,
한남종합건설,
일국종합건설,
한웅종합건설,
태길종합건설,
대창종합건설,
흥일토건,
성일건설,
신흥건설,
등원건설,
대운산업개발,
성지건설,
태호,
우인종합건설,
에스에이치건설,
고도건설산업,
벽진종합건설,
아산종합개발,
빅스타건설,
세종토건,
디알종합건설,
장원건설,
우경건설,
유진건설,
장위건설,
인하건설,
상지건설,
천산건설,
진성종합건설,
대림이앤씨,
에스에이치종합건설,
이음,
동양건설,
영일종합건설,
부소종합건설,
전광종합건설,
도영종합건설,
태정건설,
에이치엘에코텍,
대운종합건설,
민경건설,
쌍백토건,
파인산업개발,
테라종합건설,
현대홈씨티,
금송산업개발,
토수종합건설,
신도산업,
에스제이건설,
강진종합건설,
거현산업,
선일종합건설,
영동건설,
강림종합건설,
청호종합건설,
오성종합건설,
명보아이앤씨,
에스케이디앤디,
대원건설,
창조종합건설,
지엘,
명성건설,
환희종합건설,
천년토건,
남아종합건설,
에이치엘종합건설,
대림종합건설,
정상기업,
무림토건,
에코종합건설,
동신,
세방건설,
천마종합건설,
비씨건설,
삼우개발,
재성건설,
대부건설,
회성종합건설,
벽강종합건설,
자유종합건설,
청룡종합건설,
신도종합건설,
신성토건,
대운종합건설,
더원종합건설,
동도건설,
수안종합건설,
유성종합건설,
강산종합건설,
한부건설,
경산종합건설,
근우건설,
용성종합건설,
청우건설,
아라마루,
두원토건,
우빈기술공사,
인동종합건설,
정진건설,
유화건설,
우주,
화이건설,
대일종합건설,
에이원종합건설,
삼강실업,
삼원종합건설,
인정건설,
영건문화,
장벽종합건설,
연일종합건설,
재현건설산업,
은파건설,
토우종합건설,
평원종합건설,
신흥,
태일,
진영토건,
청탑건설,
세전종합건설,
세종건설,
민승종합건설,
대련종합건설,
래응개발,
에버종합건설,
동오건설,
효림건설,
인스그린,
삼인종합건설,
주왕종합건설,
삼농수목원,
금록건설,
배명종합건설,
중경산업,
신성종합건설,
옥토기술단,
도영종합건설,
금정건설산업,
범진종합건설,
장안건설,
삼진종합건설,
강원건설,
광보토건,
영담건설,
미래건설,
비케이건설,
두산종합건설,
도남건설,
두성기업,
서진종합건설,
후암종합건설,
예진건설,
케이씨산업,
세림건설,
두일종합건설,
대건종합건설,
흥한건설,
에스제이씨,
하웅종합건설,
이룸종합건설,
영국건설,
자승,
경동건설,
삼구,
엘엔에이건설,
레이크종합건설,
우신종합건설,
마임건설,
태효토건,
대운종합건설,
청암종합건설,
이일산업,
성민종합건설,
파크건설,
디엘종합건설,
정하건설,
덕일건설,
영조건설,
호등종합건설,
진강건설,
유성건설,
명진종합건설,
선진종합건설,
유성건설,
신덕종합건설,
고명건설,
낙원건설,
남송종합건설,
쌍마건설,
신대홍종합건설,
전선,
싸이트,
그린건설환경,
우탄건설,
우일종합건설,
고려종합건설,
엔에스종합건설,
세기종합건설,
대연종합건설,
중앙종합토건,
공간종합건설,
신양종합건설,
해강종합건설,
나광종합건설,
삼양종합건설,
경인건설,
삼풍,
동양산업,
덕산종합건설,
흥성,
주원종합건설,
삼호토건,
금상토건,
신광종합건설,
삼남건설,
신명종합건설,
비에스건설,
구현산업개발,
동양종합건설,
지성이씨에스,
와이엠종합건설,
화인종합건설,
한터종합건설,
성보종합건설,
천관,
미래시아건설,
호진,
재원건설,
신명종합건설,
개신건설,
서광건설산업,
태창건설,
삼화토건,
부건종합건설,
진성종합건설,
태궁종합건설,
송산엘앤씨,
부강건설산업,
우송종합건설,
홍성개발,
에스투건설,
벽산엔터프라이즈,
태경건설,
이호건설,
태청종합건설,
대륭건설,
두마종합건설,
하이테크건설,
와이제이건설,
태울림종합건설,
진지건설,
한아름종합건설,
청우,
태영종합건설,
삼보종합건설,
메소포타미아,
거성건설,
보강디엠에스,
지디종합건설,
안택건설,
태진건설,
삼호산업개발,
흥양종합건설,
동환토건,
르담,
뉴젠건설,
선우종합건설,
서경종합건설,
대환토건,
미주종합건설,
케이비아이산업개발,
세윤종합건설,
다원종합건설,
대민종합건설,
효성종합건설,
부강,
동방종합건설건축사사무소,
미건,
태림건설,
성우토건,
세영건설,
태형건설,
지성종합건설,
창흥건설,
덕송건설,
도원,
대운종합건설,
송학건설,
시월종합건설,
우주이엔씨,
서경건설,
신진종합건설,
선영건설,
동남종합건설,
극동종합개발,
광우건설,
성진종합건설,
삼희종합건설,
우연종합건설,
디앤디건설,
남영,
부경건설,
여민건설,
정호건설,
우전개발,
우진종합건설,
광화건설,
성원건설,
진성이엔지,
도휘종합건설,
아진씨앤씨,
성림건설,
엠에스건설,
태원건설,
동도종합건설,
용창종합건설,
대호건설,
신정건설,
금송건설,
다홍건설,
대용건설,
건영,
두양종합건설,
대은건설,
유광건설,
강토,
오정종합건설,
엘아이지시스템,
영신사,
대일,
한산건설,
용우종합건설,
아름종합건설,
국일건설,
대양산업개발,
이인개발,
케이디,
태웅건설,
초석에이치디,
천광산업개발,
강건종합건설,
한라토건,
남성종합건설,
청원건설,
장운종합건설,
이지건설,
새시대종합건설,
광민토건,
더한백,
서원건설,
대림개발,
서유건설,
우림산업,
에이치에스종합건설,
누리종합건설,
고명건설,
승덕종합건설,
금호종합건설,
금화건설,
상명건설,
레오건설,
세운종합건설,
청암건설,
건일,
동산종합건설,
세인종합건설,
서영건설,
동우종합건설,
둔산건설,
신화토건,
세종건설산업,
영흥종합건설,
탑솔라,
새늘토건,
디엠,
후영,
대상종합건설,
글래드솔루션,
유양종합건설,
장안개발,
신진건설,
하나건설,
성주종합건설,
대원건설산업,
동환종합건설,
에이치비건설,
일신이앤씨,
부흥종합건설,
하림종합건설,
금세기종합건설,
유성산업,
신안건설,
대화,
성보종합건설,
삼마종합건설,
동산건설,
미래원토건,
대림건설,
코어스건설,
삼진건설,
광신종합건설,
태건건설,
천우종합건설,
동아기술공사,
신우개발,
엘에스종합건설,
에스제이써미트,
고원건설,
광산토건,
신화,
삼흥종합건설,
정광개발,
백마종합건설,
지엠건설,
두남건설,
진흥종합건설,
무진건설,
더씨앤알,
더이앤씨,
대성건설,
산정현건설,
하남파라곤,
태현종합건설,
우진종합건설,
천마산건설,
기란건설,
건일토건,
에이에스종합건설,
대휘건설,
태갑종합건설,
주산종합건설,
현광건설,
디자인원종합건설,
동구건설,
토림기술공사,
아성종합건설,
한가람,
대림개발,
정신,
태산건설,
중앙토건,
반도이앤씨,
에이치디현대중공업,
다우종합건설,
대창건설,
남화개발,
대영종합건설,
흥국건설,
케이비건설,
도림,
테크로스환경서비스,
경동스마트산업,
비케이삼보산업,
근하건설,
신대오종합건설,
아산종합건설,
자유건설,
상상종합건설,
스카이종합건설,
통일건설,
우림종합건설,
태경,
영진건설,
삼원토건,
홍진종합건설,
선일건설,
태경건설,
호정,
흥덕건설,
영진종합건설,
만도건설,
보광종합건설,
한미건설,
태현종합건설,
성운건설,
진성건설,
대영토건,
기흥건설,
우신종합건설,
유진건설,
부길토건,
융희건설,
푸른건설,
더리치종합건설,
대지건설,
타오건설,
광일기업,
덕원종합건설,
흥화종합건설,
송도건설,
무성토건,
예원종합건설,
일광종합건설,
태양종합건설,
에스티건설,
건우,
대도종합건설,
영화건설,
웅진종합건설,
안신건설,
시경산업,
비에스건설,
건욱종합건설,
대붕종합건설,
광림건설,
제이엠건설,
대호종합건설,
대웅건설,
한영종합건설,
세영산업,
신한토건,
성원개발,
대경건설,
윈앤윈건설,
디에이건설,
도경종합건설,
고도종합건설,
풍곡건설그룹,
신동방건설,
도원종합건설,
동위건설산업,
국도건설,
창주종합건설,
삼원,
성화종합건설,
태흥산업,
서현종합건설,
동해종합건설,
남전종합건설,
유일산업개발,
한맥종합건설,
명성종합건설,
삼아종합건설,
현성,
영도건설산업,
유수,
나우피엔티,
부영건설,
누리건설,
디에스건설,
승민종합건설,
세왕종합건설,
대흥종합건설,
조원종합건설,
정건,
건국건설,
티에이치산업개발,
용덕,
송명개발,
보림토건,
대진종합건설,
영진종합건설,
에이스종합건설,
거송건설,
기흥종합건설,
보광종합건설,
한동건설,
창성,
평장건설,
미림종합건설,
대도건설,
태성종합건설,
성남종합건설,
신원건설,
형덕,
에이치플러스에코,
영신건설,
이에스건설,
세이브건설,
청정종합건설,
유진종합건설,
제영,
거룡종합건설,
성우종합건설,
고진티앤시,
한중건설,
대원건설,
윤산,
지엠종합건설,
재현종합건설,
신한종합건설,
태광,
광전종합토건,
서중종합건설,
중덕건설,
신태동건설,
명진종합건설,
동영산업,
일신종합건설,
송암종합건설,
명신건설,
아우디건설,
영동건설,
화진건설,
효성종합건설,
엠제이건설,
도촌건설,
한국종합건설,
믿음,
직지건설,
정민건설,
동양건설,
금강종합건설,
삼립건설,
한국전력기술,
합자회사세원이엔씨,
청담건설,
미평종합건설,
무영종합건설,
소봉,
신양토건,
현대중공업파워시스템,
세주종합건설,
부광종합건설,
원건설,
청도종합건설,
한울,
동인종합건설,
동명건설,
태웅종합건설,
정원커머스,
혜전건설,
윤한종합건설,
기덕종합건설,
송강건설,
현대건설산업,
한신토건,
명신건설,
유엔아이콘스,
두강건설,
타이거이엔씨,
동아종합건설,
건희이앤씨,
산수건설,
호성토건,
부일건설,
근원종합건설,
포유종합건설,
덕화건설,
고구려건설,
대륙건설,
정훈건설,
건영종합건설,
태양종합건설,
건웅,
대광종합건설,
리치종합건설,
건웅건설산업,
현보건설산업,
대건종합건설,
백호종합건설,
송도건설산업,
유성종합건설,
덕산토건,
유림건설,
풍산종합건설,
성창종합건설,
남광건설,
미승종합건설,
현이앤씨,
광일종합건설,
금강종합건설,
아영건설,
대가종합건설,
청우종합건설,
대복종합건설,
지성,
삼흥건설,
경,
엘케이테크,
대양한주종합건설,
대림건설산업,
지엘종합건설,
아성건설,
우일종합건설,
우남건설,
한결종합건설,
해든건설,
효성토건,
덕영종합건설,
호원건설,
규광,
참빛조경,
로하스건설,
미래로,
선광토건,
남부종합건설,
가온건설,
세원종합건설,
신우건설,
명진토건,
세진씨엔씨,
용산종합건설,
유천종합건설,
선진건설,
제이와이산업개발,
성파산업개발,
다우종합건설,
배재토건,
금원건설,
금북건설,
원진,
지수종합건설,
이상종합건설,
석암토건,
에스엔종합건설,
경석종합건설,
규림건설,
우정건설,
광명종합건설,
진명종합건설,
대륙산업개발,
유진이엔씨,
대림종합건설,
태양건설,
경부건설,
미봉건설,
건원종합건설,
미우건설,
대보종합건설,
우방종합건설,
우진토건,
태양종합건설,
효상건설,
에이스종합건설,
인우건설,
세정건설,
위드맥스,
동반종합건설,
안양건설,
동강건설,
성원종합건설,
태진종합건설,
리보종합건설,
세원종합건설,
신태진건설,
조화종합건설,
신보종합건설,
부림종합건설,
송림건설,
인주종합건설,
서한건설,
융석종합건설,
남이건설,
성모산업개발,
금아건설,
승보종합건설,
교보건설,
삼성토건,
한강종합건설,
벽산종합건설,
덕수건설,
위드제이산업,
삼경,
신성종합건설,
우덕,
신수건설,
에스엠중공업,
보성종합건설,
한화솔루션,
세울종합건설,
규림산업,
서웅,
장형기업,
해피인건설,
연합개발,
삼천리이에스,
서원종합건설,
지구종합건설,
신성종합건설,
건양건설,
와이엘,
화현종합토건,
미창건설,
마천건설,
유텍종합건설,
정주종합건설,
흥륭종합건설,
삼부건설,
가남토건,
경우종합건설,
건원건설,
광명산업,
서림건설,
상원건설,
휴림건설,
광명건설,
보성,
청우건영,
정상종합건설,
건융,
신세계건설,
태원종합건설,
전아건설,
드호,
대운종합건설,
청룡건설,
태백티앤씨,
세정토건,
우리종건,
대야토건,
포레스건설,
경관종합건설,
대림토건,
정원종합건설,
성일건설,
디와이토건,
성신종합건설,
원택건설,
태광건설,
협진종합건설,
대광건설,
에이치엘건설,
신도시종합건설,
주창종합건설,
유진종합건설,
정암씨앤에이,
에스아이종합건설,
대산종합건설,
진아건설,
성광종합건설,
해담건설,
토형산업,
에이케이종합건설,
아람,
금강건설산업,
호곡종합건설,
케이제이종합건설,
성진종합건설,
남도건설,
명인건설,
포스코디엑스,
세진건설,
창림종합건설,
비앤지건설,
서울탑건설,
농업회사법인율두,
대율종합건설,
일조산업개발,
에스엠건설,
대림종합건설,
아름종합건설,
홍광건설,
용하건설,
성우건설,
디에스건설,
부흥건설,
성림건설,
에스아이건설,
서안종합건설,
우신종합건설,
하이드로리튬,
서방종합건설,
대호디엔씨,
경보종합건설,
뉴프린스종합건설,
신원건설,
부광종합건설,
에스에스건설사,
미도건설,
한일,
원일종합건설,
해성종합건설,
하나토건,
신화종합건설,
남북건설,
동보건설,
건구종합건설,
경춘종합건설,
갤럭시이앤씨,
삼흥종합건설,
기보종합건설,
금정종합건설,
지에이건설,
동신종합건설,
이지종합건설,
보광토건,
삼정건설,
동흥종합건설,
삼보건설,
대왕토건,
유진종합건설,
남아건설,
한서건설,
성윤종합건설,
뉴삼원종합건설,
금오건설,
바로건설,
유성기업,
대자개발,
청호종합건설,
기영산업,
성해산업,
나일건설,
엠에스건설,
한성종합건설,
지에이치건설,
재영종합건설,
송산건설,
태언,
남강종합건설,
성지종합건설,
두호건설,
대금건설,
신우건설,
광림종합건설,
범창종합건설,
제일종합건설,
신화공영,
영진종합건설,
하이건설,
대양건설산업,
대주건설,
영일종합건설,
다움종합건설,
미래종합건설,
시우종합건설,
창희종합건설,
송화건설,
삼화,
석영건설,
우주,
경록건설,
정아산업,
신영종합건설,
씨에스건설,
제이엠에스,
광진종합건설,
우신토건,
삼보산업개발,
명성종합건설,
청도건설,
선우건설,
서도종합건설,
보선건설,
연우토건,
장원건설,
케이원이앤씨,
한양해양건설,
강원개발,
수성건설,
백두산업,
아이제이건설,
일월건설,
에스엘건설,
동건종합건설,
대국제종합건설,
우정종합건설,
부흥,
일흥종합건설,
미래종합건설,
륜덕종합건설,
극동글로벌,
희망건설,
원광종합건설,
정원종합건설,
예인아테크,
대양건설,
양문건설,
신웅건설,
대운건설,
지아종합건설,
시티종합건설,
경일종합건설,
삼승종합건설,
충심건설,
주원산업,
한가람,
동방건설,
우진토건,
제이엠건설,
부성종합건설,
대영종합건설,
두일종합건설,
해냄,
케이버스건설,
신한국,
한호건설,
우정토건,
경덕건설,
수광종합건설,
거근토건,
드림기업,
흥창건설,
더한건설,
은모건설,
경주건설,
동도안전,
광명종합건설,
동우산업개발,
한성,
토담종합건설,
다보,
보영건설,
해담종합건설,
세한종합건설,
흥해종합건설,
모건종합건설,
제이비종합건설,
동오건설,
대주건설산업,
글로벌건설,
동화종합건설,
근우종합건설,
동성종합건설,
주성건설,
동부종합건설,
자영종합건설,
그레이스종합건설,
성보건설,
미산건설,
진덕종합건설,
해동종합건설,
세원종합건설,
태경종합건설,
케이엔건설,
제삼종합건설,
대림종합건설,
도명건설,
도흥건설,
남일건설,
고황엔지니어링,
나스텍이앤씨,
태주종합건설,
다모아종합건설,
자연종합건설,
유풍종합건설,
퍼스트종합건설,
상산건설,
제이디씨종합건설,
도곡개발,
시티건설,
엔디케이,
에스에이치건설산업,
우평건설,
삼진종합건설,
에스알건설,
흥진건설,
정원종합건설,
은산종합건설,
상경종합건설,
태왕건설,
효진종합건설,
우민토건,
웅비건설,
새한건설,
진양건설,
세종이엔지,
대광명토건,
세광종합건설,
가산종합건설,
웅빈,
동인종합건설,
신일건설,
형지종합건설,
남촌종합건설,
청호건설,
금나종합건설,
용신종합건설,
진환,
영빈토건,
엘포츠,
선우산업개발,
경산엔지니어링,
서림종합건설,
한길종합건설,
대영종합건설,
강한종합건설,
성우건설,
이우종합건설,
강보건설,
예당종합건설,
크라운건설,
성은종합건설,
글로벌종합건설,
양지종합건설,
영진산업,
신한,
협우종합건설,
청운건설,
오성건설,
신일건설,
서원건설,
이화산업건설,
청산종합건설,
아이누리건설산업,
태송종합건설,
한호건설,
삼진토건,
효영종합건설,
아하건설,
한성건설,
따옴산업,
덕청건설,
동신건설,
삼현종합건설,
거산공영개발,
단디종합건설,
주성건설,
동아건설,
중원종합건설,
현성산업개발,
동강종합건설,
보광,
비씨종합건설,
도림건설,
하이디건설,
아이온,
대세건설,
태무,
대광종합건설,
프라도건설,
성원토건,
삼안토건,
건진,
삼신종합건설,
신성토건,
동원종합건설,
성도종합건설,
좋은이엔지,
대선종합건설,
남정종합건설,
주영,
동구건설,
대명종합건설,
성광종합건설,
이룸종합건설,
네오건설,
티제이건설,
부경종합건설,
금현종합건설,
동현종합건설,
동리종합건설,
에이치엘건설,
일익건설,
정진종합건설,
삼성건설,
대일건설,
대홍건설,
동양건설,
중앙기업,
우림종합건설,
건도,
더본건설,
부용종합건설,
메트로종합건설,
여양산업개발,
신광건설,
삼해건설,
에스제이건설,
풍진종합건설,
한덕건설,
금강토건,
해덕건설,
보광건설산업,
동화종합건설,
청암종합건설,
양성종합건설,
한양주택,
우보건설,
일우,
케이알건설,
해오래종합건설,
타원종합건설,
북악건설,
덕성종합건설,
두일건설,
동호건설,
남도종합건설,
도원종합건설,
글로벌신구,
반석건설,
성림건설,
시그마종합건설,
미왕건설,
우원건설,
기산종합건설,
에스엠건설,
보람종합건설,
온터이앤씨,
우신종합건설,
창우종합건설,
빌탑종합건설,
시원건설,
동원건설,
정국건업,
학선종합건설,
청봉산업,
호정,
서하건설,
금양이엔씨건축사사무소,
가림건설,
덕진건설,
지현종합건설,
선혜종합건설,
에스앤유종합건설,
서호건설,
서진건설,
참건설,
우일이엔씨,
규빈건설,
동성종합건설,
우황건설,
장원종합건설,
해천,
덕평산업개발,
성신종합건설,
세원산업개발,
지엔종합건설,
원산종합건설,
현우건설,
제우종합건설,
월명토건,
제세종합건설,
이림종합건설,
한빛종합건설,
대일공영,
유진종합건설,
남양건설,
강동건설,
아람종합건설,
금아건설,
형남종합건설,
옥포건설,
미래건설,
케이원산업,
경도종합건설,
영신건설,
천지토건,
아이에스지주,
지준종합건설,
풍산건설,
경원종합건설,
풍림건설,
한길종합건설,
수림토건,
다원산업개발,
지평종합건설,
윤성토건,
영창,
동신건설산업,
신원종합건설,
두영종합건설,
태광종합건설,
한영이앤지,
중원종합건설,
낭종합건설,
서율종합건설,
호반프라퍼티,
금강,
세명종합건설,
튼튼종합건설,
거성토건,
대성종합건설,
삼양,
부성건설,
유창토건,
성진건설,
창신종합건설,
도원건설,
청보종합건설,
부길건설,
라안종합건설,
한두건설엔지니어링,
경흥,
동광주택,
제이엠종합건설,
강산건설,
와이비,
유명건설,
세왕종합건설,
혜성종합건설,
평산토건,
대제종합건설,
나우2,
제이토건,
문화종합건설,
호암건설,
수홍종합건설,
동아건설,
선덕종합건설,
에스지종합건설,
정우건설,
대창종합건설,
금강종합건설,
삼주종합건설,
인터불고건설,
현정종합건설,
선우종합건설,
숭민종합건설,
성도토건,
정원건설,
이피엘종합건설,
보창토건,
로렌시아건설,
강호건설,
유정종합건설,
경대건설,
우창건설,
서진건설,
태광종합건설,
대광건설,
다산종합건설,
남훈건설,
유촌건설,
국일공영,
보광주택건설,
디와이건설,
창일산업,
청재종합건설,
화우리종합건설,
개명건설,
에이치디토건,
성용,
대유종합토건,
투에이치건설,
청남건설,
온빛건설,
찬중건설,
금화종합건설,
부성종합건설,
성진건설,
엠제이종합건설,
대경건설,
대원종합건설,
메이드건설,
미대종합건설,
오성종합건설,
서온건설,
송덕건설,
만도건설,
효창건설,
금보종합건설,
송우건설,
강남건설,
목성종합건설,
지큐종합건설,
진산토건,
승주종합건설,
양지종합토건,
대양건설,
해강종합건설,
범건종합건설,
청원건설,
송암건설산업,
수성,
진명종합건설,
이영토건,
은도건설,
신도건설,
삼국씨앤디,
삼덕건설,
건국종합건설,
예원종합건설,
케이피앤디,
천일건설,
수씨앤씨,
유성종합건설,
동남종합건설,
삼우토건,
일류종합건설,
해동이앤씨,
알파건설,
덕천산업,
유림건설,
남악건설,
한울산업개발,
호산종합건설,
지화종합건설,
엠브이지토건,
대웅종합건설,
부길토건,
일원산업,
우신건설,
건화,
일등종합건설,
다솜종합건설,
미래디자인,
세명종합개발,
서진엔지니어링,
가람이엔씨,
시선,
대현종합건설,
이반디앤씨,
제웅토건,
비룡종합건설,
강인,
세방토건건설,
서한건설,
우성종합개발,
워너비건설,
리브라더스앤드파트너스건설,
해성종합건설,
의천종합건설,
은광종합건설,
대연건설,
동양종합건설,
대한종합건설,
다원건설,
제이엠종합건설,
서광종합건설,
정우동현종합건설,
동원종합건설,
용민종합건설,
광진종합건설,
강민건설,
첨단종합건설,
연세종합건설,
세윤산업개발,
중앙종합건설,
성신종합건설,
나래종합건설,
두창건설,
대경종합건설,
아산종합건설,
승하건설,
팔팔건설,
건모토건,
주일건설,
성광건설,
세훈종합건설,
삼환종합건설,
더에이치,
현민종합건설,
일주건설,
일호종합건설,
오승,
송원건설,
거림종합건설,
청송건설,
부민종합건설,
다온종합건설,
한성건설,
현대에너지,
세기건설,
동익건설,
예일종합건설,
삼강종합건설,
보광종합건설,
에프엠산업,
삼주종합건설,
도광건설,
수봉건설,
효산건설,
나림개발,
등용건설,
연우토건,
금성종합건설,
정명건설,
부광종합건설,
서원기공,
삼광종합건설,
구성건설,
중원건설,
신광종합건설,
제이에스씨앤이,
태황산업개발,
세진건설,
아르케종합건설,
풍산종합건설,
대진종합건설,
에스제이건설,
해양종합건설,
효성종합건설,
모경종합건설,
효정건설,
중부산업개발,
태경종합건설,
전원건설,
동양건설,
삼성종합건설,
지을건설,
라인건설,
신아종합건설,
제평종합건설,
세강,
청마건설,
홍주건설,
대한종합건설,
동촌건설,
동도종합건설,
구일건설,
이타스,
대성토건,
프라임건설,
한국종합개발,
다모아종합건설,
디엘건설,
상원종합건설,
진명건설,
대현건설,
해광종합건설,
장호종합개발,
민성이앤씨,
장대건설,
중우하나린,
유진엔지니어링,
한돌건설,
은산종합개발,
엠에스건설,
황보종합건설,
삼정종합건설,
레오나르빈치건설,
경민종합건설,
태영건설,
드림종합건설,
해진종합건설,
온세계종합건설,
경림종합건설,
큰길건설,
영원건설,
건담종합건설,
대동종합건설,
유진기업,
다문건설,
신평종합건설,
세움종합건설,
더올림건설,
신형산업개발,
한아건설,
대세종합건설,
남인건설,
태아건영,
서우건설,
대각디앤씨,
진양종합건설,
성복공영,
태성산업개발,
홍민건설,
주엘건설,
경동산업,
이오건설,
대백토건,
세연종합건설,
고운플러스,
더라인이앤씨,
대진종합건설,
좋은종합건설,
옥산종합건축사사무소,
일성종합건설,
은우건설,
케이비건설,
예일종합건설,
아우름,
월가산업개발,
봉경,
현신종합건설,
선우건설,
대도종합건설,
대현종합건설,
록우종합건설,
하이스그랜드파크건설,
삼정이앤시,
에코비트워터,
에스와이건설,
광성토건,
경도건설,
비에이치아이,
두원건설,
한림토건,
일주종합건설,
호연종합건설,
승화건설산업,
홍림건설,
백두건설,
지음건설,
마인엔지니어링건축사사무소,
더보건설,
에이치케이종합건설,
광영토건,
석진건설,
현대엘리베이터,
팬텀,
장백종합건설,
한국이엔씨,
다온,
정상산업개발,
대화,
송악종합건설,
아스터건설,
다원종합건설,
대영토건,
기석산업개발,
미주건설,
신한,
강한건설,
네이처종합건설,
광성종합건설,
대륙건설,
도암엔지니어링,
진도종합건설,
세방,
한화오션,
아난티,
대명수안,
서린디앤씨,
건화,
경남에너지,
삼표산업,
이산,