발행인,시공사2
뉴스타제이에이치센터,자료없음
디비하이엔드제일차,자료없음
리미티리제삼차,자료없음
아디아북천안제일차,자료없음
에이블도산제일차,수성
엠에이백운제일차,자료없음
이프지축제일차,자료없음
제이케이본동,자료없음
케이비제기제이차,자료없음
케이비제기제일차,자료없음
케이아이에스대체제이십삼차,자료없음
프로젝트오학제일차,자료없음
고은안골제일차,현대엔지니어링
기은센동대문제삼차,롯데건설
두교로지스제일차,대한
모니모송도베스트제이차,포스코이앤씨
모니모송도베스트제일차,포스코이앤씨
밝은다올제이차,동일
서머랠리제일차,호반건설
에코송정,한화
에프엔송도5제일차,동일
에프엔한강제이차,디엘이앤씨
와이케이이천제일차,산이건설
원주오토제일차,롯데건설
주파수초읍제일차,한동건설
케이비흑석제일차,현대건설
케이아이에스대체제이십오차,시티
케이아이에스대체제일차,동일
하이패스파인더제칠차,우암건설
핫스프링제일차,대한
힐스테이트베스트제일차,현대건설
힐스테이트베스트제일차,현대건설
마이트제주구억리제일차,대창기업
비엔케이농성,동일
인트그린제이차,대한
케이티비비전제이차,태산종합건설
콘수스화도,동일
하이패스파인더제십팔차,케이씨씨건설
학산캐슬제이차,롯데건설
기은센엔에스,이수건설
기은센피에스제일차,케이알산업
뉴월드명지트레스,신세계건설
더블에스동인제일차,대우건설
드림구삼송림제일차,포스코이앤씨
디에스창신제일차,동일
모니모풍동제이차,포스코이앤씨
모니모풍동제이차,포스코이앤씨
모니모풍동제이차,포스코이앤씨
모니모풍동제이차,포스코이앤씨
모니모풍동제이차,포스코이앤씨
모니모풍동제일차,포스코이앤씨
밝은다올제이차,동일
밝은다올제이차,동일
스타드블루제칠차,동일
스테이밸란디,롯데건설
안심파트너스,현대엔지니어링
에이블범어원,포스코이앤씨
에이치드림제이차,수성
엠에스울산제이차,현대엔지니어링
엠에스울산제일차,현대엔지니어링
엠에이운양제이차,동일
와이제이엘에프서초,수성
제이더블유디제일차,화성개발
제이에스썸머제일차,은일종합건설
트루전주제일차,창성건설
트루항동제일차,대한
학산피에프제일차,한신공영
기은센동대문제삼차,롯데건설
기은센향남제일차,롯데건설
기은센향남제일차,롯데건설
더샵광양마동,포스코이앤씨
디벨롭개포,대우에스티
디지엠씨제일차,지에스건설
라이코스제일차,현대아산
마이에스해운대,디엘이앤씨
메디골드제일차,지오종합건설
브라이트스타제사차,대한
비욘드울산무거제일차,신태양건설
비케이낙산,태왕이앤씨
빅토리청당제일차,대한
샤이닝스톤테크노,원건설
세타스토리제일차,한화
알피과천제이차,현대엔지니어링
알피과천제이차,현대엔지니어링
알피과천제이차,현대엔지니어링
알피과천제이차,현대엔지니어링
알피과천제이차,현대엔지니어링
엠에스아이디제십이차,동일
엠제이엘제일차,한화
엠제이엘제일차,한화
오스피셔스제십칠차,대한
와이비해운대,대한
유에스엠지,시티
유에스엠지,시티
캐슈넛레드,동일
케이동천제일차,동일
케이비황금제일차,호반건설
키스모강릉제일차,신세계건설
파이브제일차,태영건설
폴리제일차,동일
한투대체제오차,대한
골드스타대명제일차,지에스건설
뉴스타웨이브제일차,현대건설
더블리치제일차,수성
드림구삼논현제이차,대한
랩스제일차,대림
로이케이세종,우평건설
블랙홀제오차,대명이십일
블러썸제일차,롯데건설
비욘드이목제이차,대방건설
스위트에이치한남제일차,현대건설
엑싯제팔차,중흥토건
와이비검단,롯데건설
와이에스디제이차,동일
와이에이치영성,동일
와이케이왕지제일차,두산에너빌리티
지아이비성산,동일
하이스톰메이커제십육차,동일
히트하우스제일차,동일
강남클라우드,대한
강남클라우드,대한
와이알디제일차,현대엔지니어링
케이비마포제이차,동일
기은센씨와이제일차,시티
드래곤필드제일차,지에스건설
디벨롭단구,지에스건설
디오동인,포스코이앤씨
리모네스사보,대한
베스트디와이제이십차,현대엔지니어링
비욘드운교제일차,대한
빅웨이브제일차,동일
실버스타제이차,남광토건
아이비케이에스와이신촌,동일
알피용산제일차,시티
알피용산제일차,시티
알피용산제일차,시티
에이블가산제일차,자이에스앤디
엠에스안흥제일차,동일
엠에이동탄제일차,대한
유니에코컴퍼니,동일
유니에코컴퍼니,동일
이프권선제일차,삼성물산
지아이비사화,롯데건설
지아이비사화,롯데건설
지타레스제일차,현대엔지니어링
크림슨케이제일차,대한
그레이트거제제이차,한화
그레이트거제제이차,한화
그레이트거제제일차,한화
기은센갈매에이치티,현대엔지니어링
뉴스타빌리브,신세계건설
레드실버제일차,대한
루시다제일차,롯데건설
비에스지성내제일차,현대엔지니어링
센트럴검단제일차,롯데건설
센트럴검단제일차,롯데건설
스마트시티더블유제이차,지에스건설
알파온수제사차,서해종합건설
알파온수제삼차,케이알산업
에스와이디비제일차,케이씨씨건설
에이블대명제일차,디엘이앤씨
에이블용답제이차,원건설
엔에이치검단제일차,롯데건설
엠에이검단,롯데건설
엠에이장현제일차,대한
이큐디벨롭제십칠차,수성
이큐디벨롭제십팔차,수성
제이에이치와이복합,한화
제이에이치와이복합,한화
제이에이치와이복합,한화
제이온퍼스트,대한
제이이와이복합,한화
제이티운양제일차,대한
쥐피에스22제칠차,동일
쥐피에스22제팔차,동일
쥐피에스23제삼차,대한
찬스공평유동화,대한
패스트포제일차,에이스건설
포트라제일차,대한
피넛레드,삼성물산
피에프개발제일차,수성
하이미단스테이,한국건설
네오컨티넨탈,신화건설
뉴스타김포제사차,케이씨씨건설
더블유제이엘제일차,롯데건설
더에이치지에프제일차,아이에스동서
루시아피아이제일차,대림
비에스에이엔엠제이차,건영
비에스에이엔엠제일차,건영
에이블개봉오제일차,호반건설
에코플로라,코오롱글로벌
엠에이평택,수성
온방어제일차,동일
케이더블유호원제이차,현대건설
케이더블유호원제일차,현대건설
케이더블유호원제일차,현대건설
크레인디오션제일차,제일건설
파워플레이제일차,동일
글로리엠비앤제일차,대한
디아이에프와이,현대건설
디에이지축제일차,신안
디에이지축제일차,신안
루미너스양주제일차,동일
베타플러스제일차,롯데건설
베타플러스제일차,롯데건설
비욘드감정제오차,한화
에스제이강북제삼차,대원
에스제이강북제이차,대원
에이치알케이제일차,롯데건설
에코시티신천제이차,한화
에코시티제일차,한화
엠에이자양5구역,호반건설
와이비라시에라,안강건설
위드지엠제삼차,수성
이터널과천제일차,지에스건설
이터널과천제일차,지에스건설
제이온지금,현대엔지니어링
제이온지금,현대엔지니어링
주파수초읍제일차,한동건설
케이아이에스대체제십팔차,동일
케이아이에스드림제십삼차,포스코이앤씨
케이티비비전제오차,동일
케이피학성제일차,포스코이앤씨
판타지아제일차,대한
하이레전드다이버제구차,삼정기업
하이레전드다이버제십이차,동일
하이터틀제일차,하우텍씨엔알건설
골드로드제사차,호반건설
글로리가재제일차,효성중공업
글로리가재제일차,효성중공업
뉴스타헌인제일차,롯데건설
루트로닉제일차,롯데건설
부산미남제이차,효성중공업
브랜뉴평택,효성중공업
비욘드하색제일차,수성
빅하우스제칠차,롯데건설
아마란스제일차,롯데건설
아마란스제일차,롯데건설
아이비헌인제일차,롯데건설
에스에프투관수,대한
에스엘제사차,디엘이앤씨
에스와이선화,에이치제이중공업
에스와이선화,에이치제이중공업
에이블공평제일차,현대엔지니어링
에이블마석제일차,신세계건설
에이치디벨류제이차,현대건설
에이치에스에프제이십칠차,한화
에프엔파주제일차,동일
엔에이치헌인제삼차,롯데건설
엠에이선유,동일
여수베스트제일차,쌍용건설
제이케이동두천,대한
쥐피에스23제사차,동일
지아이비두정,롯데건설
지아이비두정,롯데건설
트루에스에이치제이차,동일
경산로지스제일차,삼부토건
경산로지스제일차,삼부토건
기은센월곶제일차,동일
뉴딜아이디씨제사차,동일
다올라이트블루제이차,남흥건설
두교로지스제삼차,대한
디비안흥제이차,동부건설
디에스오산제일차,현대엔지니어링
마이에스상도제이차,지에스건설
마일스톤솔루션,한화
밝은다올제일차,수성
비케이퍼스트제삼차,대한
아이언송정제일차,지에스건설
아이에이안산제이차,안강건설
알에이제이차,한화
알에이해운대제사차,에스케이에코플랜트
엠에스케이제이차,효성중공업
오엔지센하,대한
올인제삼차,우방
위드지엠제삼차,수성
유니버스병점,현대엔지니어링
이지플랜트제팔차,대한
제이에이치더블제일차,동일
제이온파주,유호산업개발
챔피언루나,
카스타드제일차,롯데건설
카이로스제십삼차,한국건설
케이티비씨씨제일차,삼부토건
키스알에프선화제이차,코오롱글로벌
키스알에프선화제이차,코오롱글로벌
키스알에프선화제일차,코오롱글로벌
키스알에프선화제일차,코오롱글로벌
태평로유동화제일차,현대건설
티더블유서초제삼차,효성중공업
티더블유서초제일차,효성중공업
플랜업구조화제일차,에이치디씨현대산업개발
그레이트신광교제일차,한화
뉴스타촉진,지에스건설
더웨이브제일차,동일
로이케이순천제이차,동일
비케이한남원,동일
스마트시티제일차,롯데건설
스위트에이치한남제일차,현대건설
트루에이치제육차,대한
하우징에이제이제이차,동일
하이동래온천제일차,대한
하이송라제이차,동일
하이송라제일차,대한
그레이트엠디제일차,한화
글로리첨단제일차,제일건설
글로리첨단제일차,제일건설
뉴스타시티제삼차,중흥토건
뉴스타양주역제일차,대우건설
다올랩터제이차,디엘건설
더센트럴지엠제이십삼차,수성
더센트럴지엠제이십이차,수성
더퍼스트목감제이차,광신종합건설
더퍼스트목감제일차,광신종합건설
디스트릭트양주,대우건설
디에이지축제일차,신안
리멤버제일차,대한
리멤버제일차,대한
마운틴모드제일차,원건설
마운틴모드제일차,원건설
민스크제일차,대한
베스트이에이치제이차,대우건설
알파왕길제일차,서해종합건설
에프엔첨단제일차,현대엔지니어링
에프엔첨단제일차,현대엔지니어링
에프엔피에프포제일차,대우건설
엠에스케이제삼차,대한
엠에이신천제삼차,태영건설
엠에이신천제이차,태영건설
용산주택개발제일차,동일
원진제삼차,대우건설
증산파이브제일차,롯데건설
챔피언별내제일차,동일
케이피에스시화제일차,디엘건설
텍스트제일차,대우건설
퍼스트죽전제일차,디엘건설
퍼스트죽전제일차,디엘건설
그라티아제일차,롯데건설
글로리비티비제일차,제일건설
기은센상동제이차,롯데건설
루멘룩스제일차,롯데건설
머스트픽제일차,롯데건설
어니스트현제이차,동일
엠에스아이디제구차,현대엔지니어링
오스피셔스제팔차,대한
케이피에스시화제일차,디엘건설
트루반포제이차,대한
트루반포제일차,대한
프렌치샤인제일차,대한
골드마운틴제일차,수성
네오엘리브,대우건설
뉴스테이트제이차,원건설
디에스이차,원건설
랜드마크논현제삼차,포스코이앤씨
실버라이닝제이차,대우건설
실버라이닝제이차,대우건설
아이에스풍무,대우건설
에스엘티연산,한화
에이블은화삼제이차,대우건설
에프엔실버제일차,대우건설
에프엔실버제일차,대우건설
엘프라퍼티투,대우건설
온새미로제오차,동일
이프에이에스,디엘건설
인베스토리제오차,피엔지건설
죽전동공동주택제이차,대한
챔피언레스큐,수성
케이비오산세교제이차,동일
코스모루나,한화
트렌스러핀,대우건설
프로젝트월산,동일
프리마논현찰리,포스코이앤씨
피에프개발제삼차,대한
하이레인메이커제삼차,대한
하이오션커미트제십구차,대한
하이오션커미트제십육차,롯데건설
가르다제일차,대한
노르마제일차,동일
뉴월드궐동제이차,남광토건
뉴월드궐동제일차,남광토건
더퍼스트지엠제삼십차,한양
더퍼스트지엠제삼십차,한양
로이케이산정,대한
메타그린제칠차,동일
분당뉴본제일차,수성
브릿지광명,대한
브릿지상계,동일
블루미라클제일차,대우건설
블루베이제일차,동일
비케이한남원,동일
스카이원제일차,극동건설
실버스타제삼차,남광토건
아이언피에프본촌,코오롱글로벌
아이엠대전관저제일차,디엘건설
안다미로신기제일차,극동건설
에스와이스토리제이차,에이치디씨현대산업개발
에이치제이에스제일차,우암건설
에이치제이에스제일차,우암건설
엠제이항동제사차,디엘이앤씨
엠제이항동제삼차,디엘이앤씨
엠제이항동제오차,디엘이앤씨
오산부산제일차,롯데건설
와이알제사차,에이치엘디앤아이한라
을지95클라우드,우미건설
이천아미제일차,에이치엘디앤아이한라
이터널중동캐슬제일차,롯데건설
이터널중동캐슬제일차,롯데건설
제이티망포제일차,두산에너빌리티
차이크루제일차,동일
청년제일차,우방
케이아이에스대체제삼십이차,지에스건설
케이아이에스대체제삼십이차,지에스건설
케이아이에스대체제삼십이차,지에스건설
케이테라제육차,디엘건설
플랜업제이,동일
하이레인메이커제육차,대한
하이메타버스서퍼제십칠차,대한
하이메타버스서퍼제육차,동일
하이스톰워커제십삼차,대한
기은센동대문제삼차,롯데건설
기은센동대문제이차,롯데건설
기은센두월제일차,대보건설
뉴딜아이디씨제일차,동일
달보드레제일차,현대건설
도로시제일차,롯데건설
디에스광명,수성
송도플러스제일차,수성
스티아제일차,롯데건설
아이비케이송도제일차,수성
에이블본리제일차,에스케이에코플랜트
에이블본리제일차,에스케이에코플랜트
에이치엘이천제이차,활림건설
에프에스제일차,수성
에프에스제일차,수성
에프엔디디엠제삼차,동일
에프엔디디엠제이차,동일
에프엔디디엠제일차,동일
엠에스전주제이차,동일
엠에이비산파트너스,현대건설
엠제이프로제일차,대한
엠제이프로제일차,대한
오션베스트빌,롯데건설
오션베스트빌,롯데건설
이마스터제오차,동일
지아이비두월,대보건설
청주고속디투,현대엔지니어링
쿼드베르힐춘천제일차,디에스종합건설
퍼펙트드림제구차,대명이십일
퍼펙트드림제오차,대명이십일
피아민트제일차,롯데건설
하이운정제일차,대한
그레이트야음제삼차,현대건설
더퍼스트본리제일차,에스케이에코플랜트
디아이에프안흥비원,신세계건설
디아이에프안흥비투,신세계건설
디아이에프안흥에이원,신세계건설
디아이에프안흥에이투,신세계건설
디에스일차,현대아산
아로하제일차,동우건설
에프엔성포제일차,동일
에프엔성포제일차,동일
에프엔성포제일차,동일
엑싯제육차,효성중공업
엠에스케이제이차,효성중공업
엠에이송라제일차,수성
제이부르크제육차,동일
지아이비경안,태영건설
지아이비경안,태영건설
청라플러스제이차,에스지씨이테크건설
케이비평리5제일차,화성산업
케이아이에스대체제이십칠차,동일
하이오션워커제십육차,대한
고양로지스제일차,원건설
골든게이트제일차,동일
블루트리제일차,한화
윤밸리홍창제일차,이화공영
제이지제일차,롯데건설
챔피언당산,동일
챔피언당산,동일
케이피오룡,케이씨씨건설
그라티아제일차,롯데건설
뉴스타제이에이치센터,대한
더블에스천안제일차,대한
디비하이엔드제일차,동일
롤드돈치치제일차,포스코이앤씨
리미티리제삼차,삼부토건
에스아이로지스틱스제일차,
에이블도산제일차,수성
에이블마석제일차,신세계건설
에프엔송도5제일차,동일
에프엔송도5제일차,동일
에프엔송도5제일차,동일
에프엔송도5제일차,동일
에프엔송도5제일차,동일
에프엔송도5제일차,동일
엠에스부천제일차,롯데건설
엠에스부천제일차,롯데건설
엠에이백운제일차,대한
인더스트리김해제1호,에이치디씨현대산업개발
인더스트리김해제2호,에이치디씨현대산업개발
지아이비소사,롯데건설
케이비제기제이차,현대건설
케이비제기제일차,현대건설
케이아이에스대체제이십삼차,동일
프로젝트오학제일차,대한
검단나인원제일차,대우건설
나인문제일차,현대엔지니어링
뉴딜범어원,포스코이앤씨
더블리치제팔차,안강건설
디벨롭화양,디엘건설
마우나제일차,진흥기업
마우나제일차,진흥기업
브이카나리아원,수성
알파검단파크,동부건설
엠엔와이제일차,동일
제이티오장제일차,군장종합건설
타이거박달제일차,한화
티아이주교,한화
프라임아이비에스제이차,에이치디씨현대산업개발
피엘엔제오차,대우건설
하이성곡제일차,신화종합건설
고덕디에스원,디엘이앤씨
디에스케이제십차,태영건설
빅아일제일차,롯데건설
스타드블루제칠차,동일
스테이밸란디,롯데건설
아디아고덕제일차,디엘이앤씨
아이비고덕제이차,동일
에이치에이케이유동화제일차,동일
에이치엠인덕원제일차,현대엔지니어링
에프엔계백제이차,대한
에프엔계백제일차,대한
와이디옥정제삼차,영동건설
쥐피에스21제십칠차,대우건설
쥐피에스21제십칠차,대우건설
피티골드제일차,동일
하나송북제일차,시티
비알지알제일차,롯데건설
와이케이광양제일차,에이치엘디앤아이한라
하이드림제삼차,지에스건설
한투대체제사차,태영건설
기은센구조화제십이차,롯데건설
기은센동대문제사차,롯데건설
기은센동대문제삼차,롯데건설
기은센동대문제이차,롯데건설
기은센상동제일차,롯데건설
기은센상동제일차,롯데건설
기은센상동제일차,롯데건설
기은센상동제일차,롯데건설
기은센상동제일차,롯데건설
기은센향남제일차,롯데건설
드림스페어제일차,롯데건설
디아이에프오남제이차,서희건설
디아이에프오남제일차,서희건설
비욘드캐슬명륜제일차,더블유건설
비티비천안옥천,대한
빅아일제일차,롯데건설
빅피크제일차,롯데건설
사우스마운틴제일차,롯데건설
에스이디제일차,롯데건설
에스이디제일차,롯데건설
울산강동리조트제삼차,롯데건설
제이케이본동,롯데건설
제이케이본동,롯데건설
지디아이씨제이차,태영건설
단디군산제이차,에이치엘디앤아이한라
단디군산제이차,에이치엘디앤아이한라
더블유에스제이차,태왕이앤씨
더블유에스제이차,태왕이앤씨
더블유에스제이차,태왕이앤씨
더퍼스트지엠제십삼차,범양건영
더퍼스트지엠제십삼차,범양건영
메릴랜드,현대엔지니어링
비욘드캐슬신북제일차,대한
아이비윈덤제일차,신세계건설
에이제이제오차,성도이엔지
와이오비뉴원,한화
와이케이논현제일차,호반건설
와이케이평동제일차,탑인프라
인베스트포항제일차,한화
제이파라노이즈제구차,롯데건설
케이마르스제십삼차,제일건설
케이티비더뉴제이차,진흥기업
키스군산제일차,에이치엘디앤아이한라
프로젝트신용파크제일차,신성건설
뉴그린알파,태영건설
디에스케이제육차,동일
로우랜드제일차,대한
빅게이트제일차,태영건설
빅게이트제일차,태영건설
신평지산제일차,동일
알이디장락제일차,디엘건설
에코샤프란,요진건설산업
용인서천엔에이치,지에스건설
이프지오제일차,금강종합건설
캠프로데오더퍼스트,대한
케이더블유광명,케이씨씨건설
하나고척제일차,금강종합건설
글로에스골드,대우건설
글로에스골드,대우건설
글로에스골드,대우건설
금남로피아이제일차,롯데건설
금남로피아이제일차,롯데건설
기은센구조화제십이차,롯데건설
뉴스타용답제일차,지에스건설
뉴스타웨이브제일차,현대건설
뉴케이에이치제칠차,디엘건설
더블리치제오차,수성
더블문제이차,한양
드림디오반제일차,제일건설
디비제이더블유대흥,케이씨씨건설
디엘성성제이차,디엘건설
디오동인,포스코이앤씨
로이케이분당,케이비아이건설
루덴스이십일제십차,시티
루프타워제일차,동일
마이에스해운대,디엘이앤씨
머스트학익제일차,동일
메리골드도곡,한양
메타그린제육차,대한
미래불광제일차,호반건설
베르데제일차,한화
비엔케이금남비,롯데건설
비엔케이금남씨,롯데건설
비욘드부대제일차,대한
비욘드성성제이차,대한
비욘드탕정제일차,동일
비케이더블유제일차,동일
스톤아일랜드제일차,동일
스톤아일랜드제일차,동일
아이스더블,한화
에스엠영등포제일차,신일
에스향동,아이엠지건설
에어라인제십이차,진흥기업
에이블동탄제일차,태영건설
에이블반포제이차,태영건설
에이블반포제일차,태영건설
에이비알중앙2제일차,라인건설
에이치케이양동제일차,대한
에프앤검단,롯데건설
에프앤검단,롯데건설
에프앤검단,롯데건설
엘케이피제일차,롯데건설
엠아이엘제이차,대한
엠아이엘제이차,대한
엠에스탕정제일차,동일
엠티제이제일차,동일
이터널구미제삼차,대한
이터널구미제이차,대한
인라이트제일차,태영건설
인베스토리제십차,
인베스트중동제일차,한화
제이드이천제일차,한화
제이비강릉제일차,한화
제이온트렌드,아이엠지건설
지제플러스제일차,대한
카바시크제삼차,수성
케이부투제오차,동일
케이에스도립리제삼차,동일
케이에스도립리제이차,동일
케이에스도립리제일차,동일
케이에스이황리제일차,웰크론한텍
키스에이에이치제삼차,대한
페임제일차,에스지씨이테크건설
플래닛서초제이차,효성중공업
피제이자유로,디엘건설
하나개봉제일차,대한
하나에스알디제일차,효성중공업
하이드림제사차,현대엔지니어링
화이트우드제팔차,우미건설
관양동한투제이차,안강건설
더블에스홍성제일차,대한
방배동유동화제이차,동일
비욘드영종제사차,한화
비욘드영종제삼차,한화
아이비케이대덕제일차,한일개발
에이블교방,대우건설
운카스제이차,한화
운카스제일차,한화
천안한투유동화제일차,동일
케이아이에스인제제일차,
히어로즈브이원제십이차,현대엔지니어링
그랜드스마트제일차,에이치디씨현대산업개발
그랜드스마트제일차,에이치디씨현대산업개발
뉴스타김포제오차,케이씨씨건설
마이트창원상남동제일차,현대엔지니어링
비욘드캐슬우정제일차,쌍용건설
씨더블유대구제이차,디엘이앤씨
알피오산제이차,동일
엔트레뽀진천,성보건설산업
엘티식스,에이치엘디앤아이한라
엠에스아이디이차,현대건설
엠에스아이디일차,현대건설
유스도곡제일차,건영
은평진관제일차,현대건설
인베스트덕평제일차,한화
쥐피에스23제영차,롯데건설
챔피언에이치원제일차,동일
티아이청담,한화
티에스알와이일차,현대엔지니어링
푸른다올제일차,현대건설
플랜업서초제일차,현대건설
골드레이크제일차,롯데건설
글로에스옥길,동원건설산업
디에이마운틴제일차,대한
레드윙스,광신종합건설
레드윙스,광신종합건설
메리골드부창,대우산업개발
미래여수에코제일차,수성
미래제일차,삼정기업
비지씨제이차,두진건설
비지씨제일차,두진건설
비케이오시리아,삼정기업
비크블루제육차,롯데건설
송암파크제이차,에스케이에코플랜트
신정히어로제일차,수성
신정히어로제일차,수성
신평지산제이차,대보건설
쌍령파크제일차,롯데건설
아산제이에스제일차,대한
아이엠대전세이제일차,동일
에스엠원미음제일차,계룡건설산업
에이디올제육차,동일
에이블권선제일차,삼성물산
에프엔부금제이차,대한
와이케이송악제일차,현대엔지니어링
용인테크노로지스제일차,창성건설
우리퍼스티어제이차,현대건설
위드지엠제이십오차,대한
이큐디벨롭제십차,대한
이터널과천제삼차,지에스건설
이터널연산제삼차,시티
인베스트광주제이차,롯데건설
인베스트광주제일차,롯데건설
쥐피에스20제이차,호반건설
지아이비마곡,태영건설
지아이비마곡,태영건설
챔피언상도제일차,대우건설
챔피언상도제일차,대우건설
케이비명지제일차,신세계건설
케이아이에스드림제십삼차,포스코이앤씨
케이아이에스드림제일차,동일
케이티비비전제칠차,동일
케이피학성제일차,포스코이앤씨
투드래곤파주,동일
티아이세운,한화
티아이십정,한화
티앤케이지사글로벌,지에스건설
프로젝트논현제이차,롯데건설
프로젝트서이천,대한
프로젝트서이천,대한
피닉스모현제일차,한화
하이드래곤상도제일차,동일
하이스톰메이커제팔차,대우산업개발
해운대케넌제일차,한화
경산로지스제삼차,삼부토건
구래오티제일차,동일
그레이트남제일차,동부건설
기은센금사제일차,화성개발
기은센대덕제일차,롯데건설
기은센대덕제일차,롯데건설
기은센모곡제일차,은성산업
뉴케이에이치제오차,동일
더블에스동인제이차,두진건설
디에스당진제일차,대우건설
디에스케이제칠차,까뮤이앤씨
디케이제이차,일성건설
디케이제일차,일성건설
베스트청계제이차,에스케이에코플랜트
부발에이피티제일차,동일
비아이에스제이차,한울건설
비엔케이제주글로벌,유탑건설
비욘드교동제일차,현대엔지니어링
샤이닝스톤김해,코오롱글로벌
스토크제이차,디엘건설
스토크제이차,디엘건설
아이비케이성수오피스제일차,효성중공업
알피수원제일차,현대엔지니어링
에스더블제이차,동일
에이블마석제일차,신세계건설
에이블반도체밸리제일차,제일건설
에이블초월제이차,현대엔지니어링
에이치오디엄제사차,동부건설
에이치오디엄제삼차,동부건설
에이치오디엄제이차,동부건설
에코라이온,계성건설
에프엔학하제삼차,한화
에프엔학하제삼차,한화
엔트레뽀이천제오차,성보건설산업
엠에스광주물류제일차,효성
오션시티제일차,화성개발
오션시티제일차,화성개발
와이비당산,수성
와이에프아이남산,수성
이터널가락제삼차,수성
인베스트한호제일차,대우건설
제이온마스터,대한
제이티망포제일차,두산에너빌리티
제이티망포제일차,두산에너빌리티
카이로스제팔차,대양종합건설
케이물류제이차,영진종합건설
케이테라제오차,동일
콘트라빈제일차,대한종건
투드래곤가산,에스케이에코플랜트
트러스트회천제일차,수성
트루양주제일차,수성
트루프렌드구래제이차,동우건설
트리플와이엔제일차,안강건설
티더블유서초제이차,효성중공업
티더블유서초제일차,효성중공업
팬텀가산포유제일차,에스케이에코플랜트
퍼스트허니제일차,호반건설
플랜업구조화제일차,에이치디씨현대산업개발
하나도원제일차,수성
하나디에프제일차,롯데건설
하나재현제일차,은성산업
하이스톰워커제오차,대한
하이신정제일차,동일
한투청라유동화제일차,계성건설
블루파티오남천,대우건설
빅하우스제칠차,롯데건설
빅하우스제칠차,롯데건설
아이비고천제일차,우암건설
아이비메가일차,대우건설
여의도생숙한투유동화제이차,신영씨앤디
와이즈제삼차,태영건설
케이시큐제사차,동일
케이시큐제삼차,동일
트루오산제이차,대한
티케이원제일차,롯데건설
프로젝트효성,롯데건설
프로젝트효성,롯데건설
프로젝트효성,롯데건설
프로젝트효성,롯데건설
한투이천물류제일차,한화
대봉동한투유동화제일차,동일
엠에스아이디제칠차,대우건설
와이비큐브광안,대우건설
이마치브라더스제사차,동일
인스케이프제이차,대우건설
인스케이프제일차,대우건설
티에스옐로우,에스케이에코플랜트
파코제일차,대우건설
하나파크문,동원건설산업
뉴스타촉진,지에스건설
대명동한투유동화제이차,현대건설
대전도안제일차,대한
디어버디제삼차,대한
스마트시티제일차,롯데건설
스마트시티제일차,롯데건설
스마트시티제일차,롯데건설
스마트시티제일차,롯데건설
스마트시티제일차,롯데건설
스마트시티제일차,롯데건설
이지플랜트제사차,동일
이터널창동제일차,대한
케이부투제일차,현대건설
티케이원제삼차,롯데건설
나이스수성제일차,계룡건설산업
네오큐브제일차,동일
뉴스타시티제삼차,중흥토건
더에이치본리제일차,대우건설
드래곤헤드제일차,동일
르텐제일차,두산에너빌리티
마운틴레이제일차,원건설
성수디에스원,요진건설산업
세븐스타제일차,신세계건설
알파인천학익,시티
에이치비피제일차,동부토건
와이비남천,대우건설
와이케이대전용두제일차,동일
와이케이용두제일차,동일
제이온사하,신화종합건설
트루프렌드온천제일차,동부토건
플랜업구조화제일차,에이치디씨현대산업개발
플루아이제일차,대한
플루아이제일차,대한
하나에이치디제일차,현대건설
기은센상동제이차,롯데건설
뉴스타성남제일차,현대엔지니어링
드림구삼청라제일차,대우건설
실버라이닝제일차,한화
알피봉명제일차,동일
알피봉명제일차,동일
알피봉명제일차,동일
알피봉명제일차,동일
에스비디제일차,수성
에이치세운제일차,태영건설
에이티디레드,우남건설
에이티디블루,우남건설
엑스매드제칠차,동일
인제스피디움제이차유동화,
제이제이우산제일차,송학건설
케이아이에스인제제일차,
케이에이치에스와이제육차,수성
케이피에스시화제일차,디엘건설
코스모트리,대성베르힐건설
키스송도제이차,현대건설
하나문탠제일차,동일
더모스트팔용제일차,한화
더에스에프제구차,금강종합건설
더테라스제이차,신성건설
더테라스제일차,신성건설
씨더블유한마음제일차,유탑건설
에스디글로리,한화
케이동천제일차,동일
케이티비타이거제일차,대흥건설
킹스톤제사차,에이치엘디앤아이한라
티아이애월,한화
디비에스피동탄제일차,현대아산
아이언피에프본촌,코오롱글로벌
케이비불당제일차,현대건설
케이아이에스송산제이차,대우건설
큐브로얄제삼차,현대건설
티아이입장,한화
티아이입장,한화
티아이입장,한화
파인밀크쓰리,동일
하이엔드하우스제일차,수성
더모스트점봉제일차,롯데건설
비티비삼사,대흥건설
비티비영덕,대흥건설
슈퍼문오렌지,롯데건설
슈퍼문오렌지,롯데건설
알에스블루,지에스건설
엠에스감삼제일차,효성중공업
엠에이비산파트너스,현대건설
클라우드제일차,에스케이에코플랜트
뉴스타트연신내제이차,신세계건설
뉴월드용계제오차,대우건설
마인드스탠스,에스케이에코플랜트
비욘드오빈제일차,대한
성수공간제사차,효성중공업
성수공간제삼차,효성중공업
스마트플러스제삼차,두손건설
에스엘티안산제일차,대한
에이블세운,대우건설
에이블세운,대우건설
와이케이진천삼덕제일차,동일
이지트리제육차,동일
이터널오빈제일차,대한
인베스토리제칠차,동일
하이어방제삼차,동일
하이어방제이차,동일
나탈리원창,동일
레드윙스,광신종합건설
롤드돈치치제일차,포스코이앤씨
메타그린제일차,수성
아이비컨트리제일차,동일
아일랜드원제일차,대한
원메가원창제일차,동일
원창로지스틱스,보미건설
제이티오장제일차,군장종합건설
제이티오장제일차,군장종합건설
프로젝트갈매,신세계건설
프로젝트갈매,신세계건설
플랜업구조화제일차,에이치디씨현대산업개발
하나백석,동일
하이드래곤세종,동일
하이성정제일차,대한
나인문제일차,현대엔지니어링
나인문제일차,현대엔지니어링
레이크루이스제일차,대저건설
아이비케이탄현제일차,대한종건
알이디권선,에스지씨이테크건설
엠에이장안보니타,현대건설
와이에프아이만촌,수성
와이에프아이만촌투,수성
하이드인덕평제일차,롯데건설
하이드인덕평제일차,롯데건설
마우나제일차,진흥기업
마우나제일차,진흥기업
와이케이주교제일차,동일
인베스트조치원제일차,한화
제이더블유디제일차,화성개발
더뉴스페이스,계룡건설산업
에쉬블루제일차,동일
에스엔케이제일차,디엘건설
케이코너파인제일차,동일
다올디제이제일차,케이알산업
미미데이제이차,한국건설
에코드림제일차,시티
에프엔신관제이차,동일
에프엔신관제일차,동일
에프엔신관제일차,동일
엠에스군포제이차,현대건설
엠에스군포제일차,현대건설
케이에스씨제이차,동일
플랜업에스제일차,동일
하이에이치개발제일차,동일
기은센상동제이차,롯데건설
기은센상동제이차,롯데건설
네오컨티넨탈,신화건설
마에스트로오션제일차,유림이엔씨
메타그린제삼차,태영건설
에스이디제일차,롯데건설
에코야음제이차,현대건설
케이비쌍령제일차,롯데건설
케이티비파이어레드제팔차,일군토건
크라우칭타이거제일차,수성
프로젝트신용파크제일차,신성건설
하이쌍령제이차,롯데건설
비케이박달,원건설
세븐스타즈제삼차,현대엔지니어링
엠에스위례제일차,호반건설
제이파라노이즈제구차,롯데건설
제주카시아제일차,삼양건설산업
하나여의도제일차,지에스건설
서릿개반포제일차,현대엔지니어링
퍼시픽리오제일차,대한
뉴스타김포제오차,케이씨씨건설
드림구삼시흥제일차,동일
드림비엔김포,케이씨씨건설
에이치스마트제오차,대한
케이원한강제이차,케이씨씨건설
케이원한강제일차,케이씨씨건설
하이라이트풀제칠차,태영건설
그레이트오션제일차,효성중공업
더모스트신대방제일차,한화
디어버디제사차,동일
디어버디제사차,동일
디에스을지로제일차,현대엔지니어링
디오동인제일차,포스코이앤씨
루비아스제일차,동일
알에이수표제일차,대우건설
알에이제사차,태영건설
양도큐브제일차,대한
업라이징블루,시티
에스에프원유천,한국건설
에스제이제이차,에스지씨이테크건설
에스제이제일차,에스지씨이테크건설
에이블대명제일차,디엘이앤씨
에이치드림제일차,은일종합건설
엠에이이천군량,디엘건설
인베스토리제구차,
인베스트세종제삼차,에스케이에코플랜트
제이온광주,크로스건설
카이로스제십팔차,대한
케이더블유블루제일차,한화
케이에스포천제일차,은성산업
코리아마스터피스제일차,대우건설
퍼펙트드림제이차,포스코이앤씨
플랜업구조화제일차,에이치디씨현대산업개발
하나검단제일차,롯데건설
하나김포제일차,대원
굿체인지제일차,포스코이앤씨
글로에스옥길,동원건설산업
뉴스타공덕제사차,효성
뉴스타공덕제사차,효성
뉴타이거제이차,동일
더플렉스제이차,포스코이앤씨
더플렉스제일차,포스코이앤씨
디비유퍼스트제일차,우남건설
디아이에프도농파크,효성중공업
디아이에프도농파크,효성중공업
디케이프로젝트제이차,대한
마이트김해안동제이차,대우건설
미르원제오차,대한
샤인시티제일차,태영건설
스티아제일차,롯데건설
아이비케이청라시티제이차,대한종건
에스더블유학성제일차,포스코이앤씨
에스엠원미음제일차,계룡건설산업
에이치더블여의도제일차,현대아산
에이치엠덕평제일차,동일
에프엔부금제이차,대한
엑스매드제구차,동일
엠에이학성,포스코이앤씨
오션베스트빌,롯데건설
유쥬르제이차,파인건설
쥐피에스22제구차,동부건설
쥐피에스22제구차,동부건설
쥐피에스22제십차,동부건설
지에프민제칠차,한화
지원제일차,롯데건설
칸스제일차,대한
칸스제일차,대한
피닉스리빙제사차,수성
피닉스물류제이차,씨제이대한통운
피닉스물류제일차,씨제이대한통운
하나동래제이차,반도건설
하나동래제일차,반도건설
하이오션워커제팔차,롯데건설
해피돌제일차,영진종합건설
가이아투자제삼차,동문건설
기은센향남제일차,롯데건설
다올랩터제오차,대한
드림올넷제일차,대우건설
디제이센트럴시티,시티
리미티리제삼차,삼부토건
비엔케이수성제이차,대우건설
에프엔구로제일차,포스코이앤씨
엠제이베스트제일차,아이엠지건설
와이에프아이양산,신화건설
웨스트안동제삼차,영무토건
인베스트양산제일차,한화
인베스트유사제일차,한화
제이파라노이즈제구차,롯데건설
제이파라노이즈제구차,롯데건설
챔피언별내제일차,동일
챔피언사하,동일
청년제이차,우방
케이티비플러스제삼차,대창기업
트루구일제일차,포스코이앤씨
하나구로제일차,포스코이앤씨
하나디에프제일차,롯데건설
하나장포제일차,유림이엔씨
두교로지스제삼차,대한
디앤에이치제일차,코오롱글로벌
부송제사차,에이치디씨현대산업개발
비아이에스제이차,한울건설
에스제이에스제일차,동일
엘풍무제이차,롯데건설
와이케이기장제일차,삼정기업
와이케이에스지,코오롱글로벌
인베스트군산제일차,한화
인베스트향남제일차,한화
티아이남포제일차,한화
풍무엘제일차,롯데건설
풍무엘제일차,롯데건설
플랜업병점,대한
스토크제이차,디엘건설
시흥신천역개발제일차,대저건설
엔트레뽀이천제오차,성보건설산업
엠에이오등봉,호반건설
카운트제일차,대우건설
트루울산제삼차,에이치엘디앤아이한라
파크엠제이,동일
광주첨단영산강지산제일차,포스코이앤씨
더에스에프제구차,금강종합건설
비아이티리치제이차,코오롱글로벌
빅하우스제칠차,롯데건설
스카이타워제일차,한화
연신내베스트제일차,신세계건설
용산프로젝트제일차,현대건설
원펀치센트럴제일차,코오롱글로벌
위드지엠제칠차,동일
유쥬르제오차,한양
인베스트운서제일차,한화
인베스트운서제일차,한화
준드래곤페어니스2호,동일
지디아이씨제이차,태영건설
챔피언청라제일차,
케이성정제일차,동일
케이에스부산제일차,지에스건설
케이티비비전제사차,에이스건설
하이인동제일차,동일
기은센구조화제십이차,롯데건설
나인세티아,롯데건설
도로시제일차,롯데건설
디비벨신정제이차,자료없음
디비벨신정제일차,자료없음
블랙타이거제이차,에이스건설
블루오아시스제일차,동일
샤이닝스톤당진,리채
씨와이프로젝트제일차,에스케이에코플랜트
에스엘제이차,서한
유니델타컴퍼니,대우건설
제이온로얄,영동건설
쥐피에스21제십삼차,신세계건설
진저레드제일차,현대건설
플랜업직산,포스코이앤씨
플랜업직산,포스코이앤씨
플랫마운틴제일차,대원
플루아이제일차,대한
하이레전드다이버제사차,동일
하이레전드다이버제오차,동일
하이레전드다이버제육차,동일
하이스톰워커제십칠차,대한
서초테라스힐제이차,롯데건설
와이비해운대,대한
와이케이서초제일차,롯데건설
피넛블랙,대우건설
디벨롭국사,한화
디벨롭국사,한화
디벨롭포트,일성건설
불당웅제일차,동문건설
비케이제이투,롯데건설
샤이닝스톤영통,지에스건설
세운공간제삼차,동일
에스엠피구로,현대엔지니어링
에스엠피구로,현대엔지니어링
에스엠피구로,현대엔지니어링
조이스제일차,대우건설
케이더블유브이에스제일차,동일
투드래곤감일,한양
디에스브리즈,에스지씨이테크건설
마루나제일차,에스지씨이테크건설
브리즈제이차,에스지씨이테크건설
빅토리디비제이차,동문건설
주파수불당,동문건설
피티케이프라임제일차,홍성건설
나이스유천제이차,현대건설
뉴포레스트제삼차,신한종합건설
뉴포레스트제이차,신한종합건설
마운트시티스케이프,현대엔지니어링
마이트성수제일차,대한
브라이트스타제구차,현대엔지니어링
브라이트스타제구차,현대엔지니어링
비티비영덕,대흥건설
속초블루레이크,대한
아틀란티스고경제일차,호반건설
엠에이별내그리너리,현대건설
와이케이라우어,한화
케이에스포항제일차,동일
티더블유광천제삼차,현대엔지니어링
티엔케이증포제일차,지에스건설
하이고덕아이파크투,에이치디씨현대산업개발
하이드림제이차,태영건설
하이드림제이차,태영건설
하이라이트풀제삼차,대명이십일
하이라이트풀제이차,대명이십일
화이트보어오류,동일
뉴베스트골드,제일건설
더팩맨제일차,현대건설
더퍼스트본리제일차,에스케이에코플랜트
디에스과천제이차,한양
디에이지축제일차,신안
디에이지축제일차,신안
라우어제이차,시티
마인드스탠스,에스케이에코플랜트
밸리알파,태영건설
스타드블루제사차,동일
알이디제이차,희상건설
에이블본리제일차,에스케이에코플랜트
에이블피티제일차,에이치디씨현대산업개발
엘씨갈현제일차,롯데건설
엘씨갈현제일차,롯데건설
예산에스디제일차,효성중공업
오토드림제일차,대원
인베스트오토제일차,한화
인트그린제구차,현대엔지니어링
해피문제이차,대원
교보플랜트제이차,지에스건설
그레이이글제일차,대한
마인드퍼스트,현대건설
비아이티리치제일차,코오롱글로벌
비엔케이우정제일차,동일
와이비해운대,대한
용인처인2제일차,동일
케이스텔제일차,동일
플래닛아야진,태영건설
아디아북천안제일차,한화
이프지축제일차,에이스건설
제이케이본동,롯데건설
케이지봉명제일차,코오롱글로벌
케이지봉명제일차,코오롱글로벌
케이지봉명제일차,코오롱글로벌
케이지봉명제일차,코오롱글로벌
케이지봉명제일차,코오롱글로벌
케이지봉명제일차,코오롱글로벌
케이지봉명제일차,코오롱글로벌
케이지봉명제일차,코오롱글로벌
케이지봉명제일차,코오롱글로벌
케이지봉명제일차,코오롱글로벌
케이지봉명제일차,코오롱글로벌
케이지봉명제일차,코오롱글로벌
케이지봉명제일차,코오롱글로벌
케이지봉명제일차,코오롱글로벌
케이지봉명제일차,코오롱글로벌
케이지봉명제일차,코오롱글로벌
케이지봉명제일차,코오롱글로벌
케이지봉명제일차,코오롱글로벌
케이지봉명제일차,코오롱글로벌
케이지봉명제일차,코오롱글로벌
케이지봉명제일차,코오롱글로벌
케이지봉명제일차,코오롱글로벌
케이지봉명제일차,코오롱글로벌
케이지봉명제일차,코오롱글로벌
케이지봉명제일차,코오롱글로벌
케이지봉명제일차,코오롱글로벌
케이지봉명제일차,코오롱글로벌
케이지봉명제일차,코오롱글로벌
케이지봉명제일차,코오롱글로벌
케이지봉명제일차,코오롱글로벌
케이지봉명제일차,코오롱글로벌
케이지봉명제일차,코오롱글로벌
케이지봉명제일차,코오롱글로벌
케이지봉명제일차,코오롱글로벌
케이지봉명제일차,코오롱글로벌
케이지봉명제일차,코오롱글로벌
케이지봉명제일차,코오롱글로벌
네추럴에이트제이차,에이치엘디앤아이한라
네추럴에이트제이차,에이치엘디앤아이한라
네추럴에이트제이차,에이치엘디앤아이한라
네추럴에이트제이차,에이치엘디앤아이한라
미메시스제구차,쌍용건설
케이지야음제일차,코오롱글로벌
케이지야음제일차,코오롱글로벌
케이지야음제일차,코오롱글로벌
케이지야음제일차,코오롱글로벌
케이지야음제일차,코오롱글로벌
케이지야음제일차,코오롱글로벌
케이지야음제일차,코오롱글로벌
케이지야음제일차,코오롱글로벌
케이지야음제일차,코오롱글로벌
케이지야음제일차,코오롱글로벌
케이지야음제일차,코오롱글로벌
케이지야음제일차,코오롱글로벌
케이지야음제일차,코오롱글로벌
케이지야음제일차,코오롱글로벌
케이지야음제일차,코오롱글로벌
케이지야음제일차,코오롱글로벌
케이지야음제일차,코오롱글로벌
케이지야음제일차,코오롱글로벌
케이지야음제일차,코오롱글로벌
케이지야음제일차,코오롱글로벌
케이지야음제일차,코오롱글로벌
케이지야음제일차,코오롱글로벌
케이지야음제일차,코오롱글로벌
케이지야음제일차,코오롱글로벌
케이지야음제일차,코오롱글로벌
케이지야음제일차,코오롱글로벌
케이지야음제일차,코오롱글로벌
케이지야음제일차,코오롱글로벌
케이지야음제일차,코오롱글로벌
케이지야음제일차,코오롱글로벌
케이지야음제일차,코오롱글로벌
케이지야음제일차,코오롱글로벌
케이지야음제일차,코오롱글로벌
케이지야음제일차,코오롱글로벌
케이지야음제일차,코오롱글로벌
케이지야음제일차,코오롱글로벌
케이지야음제일차,코오롱글로벌
케이지야음제일차,코오롱글로벌
케이지야음제일차,코오롱글로벌
케이지야음제일차,코오롱글로벌
케이지야음제일차,코오롱글로벌
nan,자료없음
